<?xml version="1.0"?>
<!--
/**
 * Mageinn
 *
 * NOTICE OF LICENSE
 *
 * This source file is subject to the Mageinn.com license that is
 * available through the world-wide-web at this URL:
 * https://mageinn.com/LICENSE.txt
 *
 * DISCLAIMER
 *
 * Do not edit or add to this file if you wish to upgrade this extension to newer
 * version in the future.
 *
 */
 -->
<config xmlns:xsi="http://www.w3.org/2001/XMLSchema-instance" xsi:noNamespaceSchemaLocation="urn:magento:framework:Acl/etc/acl.xsd">
    <acl>
        <resources>
            <resource id="Magento_Backend::admin">
                <resource id="Magento_Sales::sales">
                    <resource id="Mageinn_Dropship::dropship" title="Dropship" sortOrder="31">
                        <resource id="Mageinn_Dropship::vendors" title="Vendors" sortOrder="10"/>
                        <resource id="Mageinn_Dropship::product_stock" title="Products Stock" sortOrder="20"/>
                    </resource>
                    <resource id="Magento_Sales::sales_operation">
                        <resource id="Magento_Sales::shipment">
                            <resource id="Mageinn_Dropship::mark_shipped" title="Mark as shipped" sortOrder="100" />
                        </resource>
                    </resource>
                </resource>
                <resource id="Magento_Backend::stores">
                    <resource id="Magento_Backend::stores_settings">
                        <resource id="Magento_Config::config">
                            <resource id="Mageinn_Dropship::vendor_configuration" title="Dropship" sortOrder="100" />
                        </resource>
                    </resource>
                </resource>
            </resource>
        </resources>
    </acl>
</config>