<?xml version="1.0"?>
<!--
/**
 * Mageinn
 *
 * NOTICE OF LICENSE
 *
 * This source file is subject to the Mageinn.com license that is
 * available through the world-wide-web at this URL:
 * https://mageinn.com/LICENSE.txt
 *
 * DISCLAIMER
 *
 * Do not edit or add to this file if you wish to upgrade this extension to newer
 * version in the future.
 *
 */
 -->
<config xmlns:xsi="http://www.w3.org/2001/XMLSchema-instance"
        xsi:noNamespaceSchemaLocation="urn:magento:framework:DataObject/etc/fieldset.xsd">
    <scope id="global">
        <fieldset id="quote_convert_item">
            <field name="vendor_id">
                <aspect name="to_order_item" />
            </field>
            <field name="vendor_currency">
                <aspect name="to_order_item" />
            </field>
            <field name="vendor_to_website_currency_rate">
                <aspect name="to_order_item" />
            </field>
            <field name="points_to_client_rate">
                <aspect name="to_order_item" />
            </field>
            <field name="vendor_to_client_rate">
                <aspect name="to_order_item" />
            </field>
        </fieldset>
    </scope>
</config>