<?xml version="1.0"?>
<!--
/**
 * Mageinn
 *
 * NOTICE OF LICENSE
 *
 * This source file is subject to the Mageinn.com license that is
 * available through the world-wide-web at this URL:
 * https://mageinn.com/LICENSE.txt
 *
 * DISCLAIMER
 *
 * Do not edit or add to this file if you wish to upgrade this extension to newer
 * version in the future.
 *
 */
 -->
<config xmlns:xsi="http://www.w3.org/2001/XMLSchema-instance" xsi:noNamespaceSchemaLocation="urn:magento:framework:Module/etc/module.xsd">
    <module name="Mageinn_Dropship" setup_version="1.0.2">
        <sequence>
            <module name="Magento_Sales" />
            <module name="Magento_Shipping" />
            <module name="Magento_Catalog" />
            <module name="Magento_Framework" />
        </sequence>
    </module>
</config>
