<?xml version="1.0"?>
<!--
/**
 * Mageinn
 *
 * NOTICE OF LICENSE
 *
 * This source file is subject to the Mageinn.com license that is
 * available through the world-wide-web at this URL:
 * https://mageinn.com/LICENSE.txt
 *
 * DISCLAIMER
 *
 * Do not edit or add to this file if you wish to upgrade this extension to newer
 * version in the future.
 *
 */
 -->
<config xmlns:xsi="http://www.w3.org/2001/XMLSchema-instance" xsi:noNamespaceSchemaLocation="urn:magento:framework:App/etc/routes.xsd">
    <router id="admin">
        <route id="sales" frontName="sales">
            <module name="Mageinn_Dropship" after="Magento_Sales" />
        </route>
        <route id="product" frontName="product">
            <module name="Mageinn_Dropship" after="Magento_Catalog" />
        </route>
    </router>
</config>
